---,Name,Health,Mana,Attack
wolf,"NSLOCTEXT(""[64C6C2434FB812278EA11E949A8CD30C]"", ""00C9431B4C0DBFE1026673BC17D4BF0C"", ""Wolf"")","10.000000","0.000000","2.000000"
skeleton,"NSLOCTEXT(""[64C6C2434FB812278EA11E949A8CD30C]"", ""4D1337C743E23FF3BB589D8D2E7DE3EC"", ""Skeleton"")","15.000000","0.000000","2.000000"
lich,"NSLOCTEXT(""[64C6C2434FB812278EA11E949A8CD30C]"", ""C5E7F6A647A6BE715CE646AAAE6799B0"", ""Lich"")","15.000000","10.000000","3.000000"
